name,iso,world_6region,world_4region,income_groups,is_eu,is_oecd,eu_accession,year,area,population,alcohol_adults,bmi_men,bmi_women,car_deaths_per_100000_people,calories_per_day,infant_mortality,life_expectancy,life_expectancy_female,life_expectancy_male,un_accession
Afghanistan,AFG,south_asia,asia,low_income,False,False,,2018,652860.0,34500000.0,0.03,20.62,21.07,,2090.0,66.3,58.69,65.812,63.101000000000006,1946-11-19
Albania,ALB,europe_central_asia,europe,upper_middle_income,False,False,,2018,28750.0,3238000.0,7.29,26.45,25.66,5.978,3193.0,12.5,78.01,80.737,76.693,1955-12-14
Algeria,DZA,middle_east_north_africa,africa,upper_middle_income,False,False,,2018,2381740.0,36980000.0,0.69,24.6,26.37,,3296.0,21.9,77.86,77.78399999999999,75.279,1962-10-08
Andorra,AND,europe_central_asia,europe,high_income,False,False,,2017,470.0,88910.0,10.17,27.63,26.43,,,2.1,82.55,,,1993-07-28
Angola,AGO,sub_saharan_africa,africa,upper_middle_income,False,False,,2018,1246700.0,20710000.0,5.57,22.25,23.48,,2473.0,96.0,65.19,64.939,59.213,1976-12-01
Antigua and Barbuda,ATG,america,americas,high_income,False,False,,2018,440.0,91400.0,8.17,25.77,27.51,,2417.0,5.8,77.6,79.028,74.154,1981-11-11
Argentina,ARG,america,americas,upper_middle_income,False,False,,2018,2780400.0,41470000.0,9.35,27.5,27.47,8.682,3229.0,11.1,76.97,80.572,73.15100000000001,1945-10-24
Armenia,ARM,europe_central_asia,europe,lower_middle_income,False,False,,2018,29740.0,3118000.0,13.66,25.36,27.13,7.899,2928.0,12.6,75.97,77.952,71.589,1992-03-02
Australia,AUS,east_asia_pacific,asia,high_income,False,True,,2018,7741220.0,23210000.0,10.21,27.56,26.88,5.335,3276.0,3.0,82.87,85.102,81.39,1945-11-01
Austria,AUT,europe_central_asia,europe,high_income,True,True,1995-01-01,2018,83879.0,8441000.0,12.4,26.47,25.09,3.5410000000000004,3768.0,2.9,81.84,84.249,79.585,1955-12-14
Azerbaijan,AZE,europe_central_asia,europe,upper_middle_income,False,False,,2018,86600.0,9533000.0,13.34,25.65,27.51,5.279,3118.0,27.9,72.3,75.283,69.15,1992-03-02
Bahamas,BHS,america,americas,high_income,False,False,,2018,13880.0,355200.0,8.65,27.25,29.14,9.408,2670.0,9.9,74.1,78.89399999999999,72.905,1973-09-18
Bahrain,BHR,middle_east_north_africa,asia,high_income,False,False,,2018,771.0,1377000.0,4.19,27.84,28.79,8.19,,5.3,77.18,78.293,76.318,1971-09-21
Bangladesh,BGD,south_asia,asia,low_income,False,False,,2018,147630.0,154400000.0,0.17,20.4,20.55,4.401,2450.0,30.7,73.41,74.937,71.484,1974-09-17
Barbados,BRB,america,americas,high_income,False,False,,2018,430.0,275100.0,6.42,26.38,29.22,8.77,2937.0,12.0,76.84,78.547,73.758,1966-12-09
Belarus,BLR,europe_central_asia,europe,upper_middle_income,False,False,,2018,207600.0,9498000.0,18.85,26.16,26.64,8.454,3250.0,3.4,73.76,78.583,67.693,1945-10-24
Belgium,BEL,europe_central_asia,europe,high_income,True,True,1952-07-23,2018,30530.0,10820000.0,10.41,26.76,25.14,5.4270000000000005,3733.0,3.3,81.23,83.751,79.131,1945-12-27
Belize,BLZ,america,americas,upper_middle_income,False,False,,2018,22970.0,330700.0,5.92,27.02,29.82,23.04,2751.0,14.2,72.45,73.828,68.08800000000001,1981-09-25
Benin,BEN,sub_saharan_africa,africa,low_income,False,False,,2018,114760.0,9607000.0,2.08,22.42,23.74,13.12,2619.0,64.2,64.98,62.96,59.867,1960-09-20
Bhutan,BTN,south_asia,asia,lower_middle_income,False,False,,2018,38394.0,762300.0,0.54,22.82,22.88,,,27.2,74.83,71.277,70.567,1971-09-21
Bolivia,BOL,america,americas,lower_middle_income,False,False,,2018,1098580.0,10410000.0,5.78,24.43,26.86,11.74,2256.0,30.6,73.97,72.414,67.317,1945-11-14
Bosnia and Herzegovina,BIH,europe_central_asia,europe,upper_middle_income,False,False,,2018,51210.0,3736000.0,9.6,26.61,26.36,6.405,3154.0,5.1,77.93,79.729,74.741,1992-05-22
Botswana,BWA,sub_saharan_africa,africa,upper_middle_income,False,False,,2018,581730.0,2075000.0,6.97,22.13,26.09,29.57,2326.0,34.8,66.92,70.753,65.719,1966-10-17
Brazil,BRA,america,americas,upper_middle_income,False,False,,2018,8515770.0,200100000.0,10.08,25.79,25.99,1.8719999999999999,3263.0,14.6,75.7,79.527,72.34,1945-10-24
Brunei,BRN,east_asia_pacific,asia,high_income,False,False,,2018,5770.0,419800.0,1.86,24.18,22.89,11.67,2985.0,8.6,77.36,79.24,75.954,1984-09-21
Bulgaria,BGR,europe_central_asia,europe,upper_middle_income,True,False,2007-01-01,2018,111000.0,7349000.0,11.4,26.54,25.52,9.662,2829.0,9.3,75.32,78.485,71.618,1955-12-14
Burkina Faso,BFA,sub_saharan_africa,africa,low_income,False,False,,2018,274220.0,18010000.0,7.32,21.27,21.63,19.4,2720.0,60.9,61.6,61.858000000000004,60.35,1960-09-20
Burundi,BDI,sub_saharan_africa,africa,low_income,False,False,,2018,27830.0,8911000.0,9.65,21.5,21.28,,,54.1,61.14,60.262,56.246,1962-09-18
Cambodia,KHM,east_asia_pacific,asia,low_income,False,False,,2018,181040.0,14660000.0,4.71,20.8,21.7,1.972,2477.0,24.6,69.35,71.69,67.431,1955-12-14
Cameroon,CMR,sub_saharan_africa,africa,lower_middle_income,False,False,,2018,475440.0,20910000.0,7.9,23.68,24.95,20.46,2671.0,57.1,61.22,60.198,57.965,1960-09-20
Canada,CAN,america,americas,high_income,False,True,,2018,9984670.0,34990000.0,10.2,27.45,26.7,6.332999999999999,3494.0,4.3,82.16,84.509,80.859,1945-11-09
Cape Verde,CPV,sub_saharan_africa,africa,lower_middle_income,False,False,,2018,4030.0,510200.0,4.98,23.52,24.96,,2609.0,20.7,74.06,75.14,71.044,1975-09-16
Central African Republic,CAF,sub_saharan_africa,africa,low_income,False,False,,2018,622980.0,4667000.0,3.17,20.99,22.4,,1879.0,91.5,51.58,55.563,51.581,1960-09-20
Chad,TCD,sub_saharan_africa,africa,low_income,False,False,,2018,1284000.0,12140000.0,4.39,21.49,21.95,,2110.0,85.0,60.52,54.766000000000005,52.273999999999994,1960-09-20
Chile,CHL,america,americas,high_income,False,True,,2018,756096.0,17570000.0,8.81,27.02,27.93,3.3289999999999997,2979.0,7.0,80.66,82.272,77.416,1945-10-24
China,CHN,east_asia_pacific,asia,upper_middle_income,False,False,,2018,9562911.0,1359000000.0,5.56,22.92,22.91,3.59,3108.0,9.2,76.92,78.163,75.096,1945-10-24
Colombia,COL,america,americas,upper_middle_income,False,False,,2018,1141749.0,48170000.0,6.59,24.94,26.23,2.1830000000000003,2804.0,13.6,78.62,78.34100000000001,71.225,1945-11-05
Comoros,COM,sub_saharan_africa,africa,low_income,False,False,,2018,1861.0,792900.0,0.28,22.06,22.44,28.95,,55.1,68.0,65.899,62.393,1975-11-12
Democratic Republic of the Congo,COD,sub_saharan_africa,africa,low_income,False,False,,2018,2344860.0,71420000.0,3.39,19.87,21.67,15.36,,74.5,62.42,61.97,58.918,1960-09-20
Congo,COG,sub_saharan_africa,africa,lower_middle_income,False,False,,2018,342000.0,4324000.0,,21.87,23.11,,2208.0,33.2,63.86,67.186,63.88,1960-09-20
Costa Rica,CRI,america,americas,upper_middle_income,False,False,,2018,51100.0,4860000.0,5.81,26.48,27.03,6.319,2848.0,8.5,81.42,82.598,77.91199999999999,1945-11-02
Cote d'Ivoire,CIV,sub_saharan_africa,africa,lower_middle_income,False,False,,2018,322460.0,21060000.0,6.47,22.56,23.82,,2799.0,66.6,61.16,56.168,53.163999999999994,1960-09-20
Croatia,HRV,europe_central_asia,europe,high_income,True,False,2013-01-01,2018,56590.0,4379000.0,15.0,26.6,25.18,6.434,3059.0,3.6,77.66,81.167,74.70100000000001,1992-05-22
Cuba,CUB,america,americas,upper_middle_income,False,False,,2018,109880.0,11240000.0,5.12,25.07,26.58,2.63,3409.0,4.0,79.34,82.085,78.161,1945-10-24
Cyprus,CYP,europe_central_asia,europe,high_income,True,False,2004-05-01,2018,9250.0,1141000.0,8.84,27.42,25.93,6.419,2649.0,2.5,80.79,82.91799999999999,78.734,1960-09-20
Czechia,CZE,europe_central_asia,europe,high_income,True,True,2004-05-01,2018,78870.0,10590000.0,16.47,27.91,26.51,5.72,3256.0,2.8,79.37,81.858,76.148,1993-01-19
Denmark,DNK,europe_central_asia,europe,high_income,True,True,1973-01-01,2018,42922.0,5611000.0,12.02,26.13,25.11,3.4810000000000003,3367.0,2.9,81.1,82.87799999999999,79.13,1945-10-24
Djibouti,DJI,middle_east_north_africa,africa,lower_middle_income,False,False,,2018,23200.0,940100.0,1.87,23.38,24.38,,2607.0,54.2,67.1,64.55,61.148999999999994,1977-09-20
Dominica,DMA,america,americas,upper_middle_income,False,False,,2017,750.0,67700.0,8.68,24.57,28.78,,2931.0,19.6,73.01,,,1978-12-18
Dominican Republic,DOM,america,americas,upper_middle_income,False,False,,2018,48670.0,10310000.0,6.28,25.2,26.87,17.05,2614.0,25.7,76.11,77.48100000000001,71.181,1945-10-24
Ecuador,ECU,america,americas,upper_middle_income,False,False,,2018,256370.0,15060000.0,9.43,25.59,27.06,7.04,2344.0,18.4,78.31,79.532,74.102,1945-12-21
Egypt,EGY,middle_east_north_africa,africa,lower_middle_income,False,False,,2018,1001450.0,85380000.0,0.32,26.73,30.1,10.7,3522.0,20.3,72.57,74.172,69.601,1945-10-24
El Salvador,SLV,america,americas,lower_middle_income,False,False,,2018,21040.0,6303000.0,3.99,26.37,27.84,32.75,2577.0,14.4,75.75,78.339,69.29899999999999,1945-10-24
Equatorial Guinea,GNQ,sub_saharan_africa,africa,high_income,False,False,,2018,28050.0,761000.0,6.12,23.77,24.53,,,68.2,66.13,59.653,56.979,1968-11-12
Eritrea,ERI,sub_saharan_africa,africa,low_income,False,False,,2018,117600.0,5748000.0,1.64,20.89,21.08,,,34.1,64.56,68.2,63.81,1993-05-28
Estonia,EST,europe_central_asia,europe,high_income,True,True,2004-05-01,2018,45230.0,1339000.0,17.24,26.26,25.19,5.896,3253.0,2.3,77.66,82.111,73.20100000000001,1991-09-17
Ethiopia,ETH,sub_saharan_africa,africa,low_income,False,False,,2018,1104300.0,88360000.0,4.1,20.25,20.71,19.05,2131.0,41.4,66.42,68.185,64.359,1945-11-13
Fiji,FJI,east_asia_pacific,asia,upper_middle_income,False,False,,2018,18270.0,882900.0,2.76,26.53,29.34,5.625,2943.0,19.1,65.75,73.806,67.661,1970-10-13
Finland,FIN,europe_central_asia,europe,high_income,True,True,1995-01-01,2018,338420.0,5419000.0,13.1,26.73,25.58,3.615,3368.0,1.9,82.06,84.42299999999999,78.934,1955-12-14
France,FRA,europe_central_asia,europe,high_income,True,True,1952-07-23,2018,549087.0,63780000.0,12.48,25.85,24.83,2.491,3482.0,3.5,82.62,85.74700000000001,79.991,1945-10-24
Gabon,GAB,sub_saharan_africa,africa,upper_middle_income,False,False,,2018,267670.0,1594000.0,9.46,24.08,25.95,,2830.0,36.1,67.33,68.527,65.222,1960-09-20
Gambia,GMB,sub_saharan_africa,africa,low_income,False,False,,2018,11300.0,1874000.0,3.58,21.65,24.82,,2628.0,47.9,67.84,63.071999999999996,60.277,1965-09-21
Georgia,GEO,europe_central_asia,europe,lower_middle_income,False,False,,2018,69700.0,4278000.0,6.66,25.55,26.45,8.737,2905.0,10.6,74.31,77.797,69.36399999999999,1992-07-31
Germany,DEU,europe_central_asia,europe,high_income,True,True,1952-07-23,2018,357380.0,81800000.0,12.14,27.17,25.74,3.28,3499.0,3.1,81.25,83.632,79.06,1973-09-18
Ghana,GHA,sub_saharan_africa,africa,lower_middle_income,False,False,,2018,238540.0,26130000.0,3.11,22.84,24.33,13.86,3016.0,42.8,66.62,64.369,62.238,1957-03-08
Greece,GRC,europe_central_asia,europe,high_income,True,True,1981-01-01,2018,131960.0,11450000.0,11.01,26.34,24.92,9.175,3400.0,3.6,81.34,84.071,79.12899999999999,1945-10-25
Grenada,GRD,america,americas,upper_middle_income,False,False,,2018,340.0,105700.0,10.71,25.18,27.32,4.577,2447.0,10.8,71.86,76.416,71.46,1974-09-17
Guatemala,GTM,america,americas,lower_middle_income,False,False,,2018,108890.0,15530000.0,7.1,25.3,26.84,0.862,2419.0,24.3,73.2,77.071,70.654,1945-11-21
Guinea,GIN,sub_saharan_africa,africa,low_income,False,False,,2018,245860.0,10750000.0,0.79,22.52,22.45,,2566.0,61.0,61.9,61.8,60.608000000000004,1958-12-12
Guinea-Bissau,GNB,sub_saharan_africa,africa,low_income,False,False,,2018,36130.0,1613000.0,3.9,21.64,22.93,,2292.0,60.3,59.66,59.958999999999996,56.437,1974-09-17
Guyana,GUY,america,americas,lower_middle_income,False,False,,2018,214970.0,759300.0,8.7,23.68,26.47,7.391,2764.0,32.0,68.15,69.322,64.585,1966-09-20
Haiti,HTI,america,americas,low_income,False,False,,2018,27750.0,10390000.0,5.92,23.66,23.28,1.005,2091.0,52.2,64.52,66.059,61.643,1945-10-24
Honduras,HND,america,americas,lower_middle_income,False,False,,2018,112490.0,8072000.0,4.43,25.11,26.73,11.45,2641.0,17.4,73.06,76.545,71.411,1945-12-17
Hungary,HUN,europe_central_asia,europe,upper_middle_income,True,True,2004-05-01,2018,93030.0,9934000.0,16.12,27.12,25.98,5.234,3037.0,5.3,75.9,79.557,72.61,1955-12-14
Iceland,ISL,europe_central_asia,europe,high_income,False,True,,2018,103000.0,332000.0,7.38,27.21,26.03,3.435,3380.0,1.6,82.6,84.48,81.669,1946-11-19
India,IND,south_asia,asia,lower_middle_income,False,False,,2018,3287259.0,1275000000.0,2.69,20.96,21.31,3.034,2459.0,37.9,69.1,70.678,67.538,1945-10-30
Indonesia,IDN,east_asia_pacific,asia,lower_middle_income,False,False,,2018,1910931.0,247200000.0,0.56,21.86,22.99,1.232,2777.0,22.8,72.03,71.742,67.426,1950-09-28
Iran,IRN,middle_east_north_africa,asia,upper_middle_income,False,False,,2018,1745150.0,76410000.0,1.03,25.31,27.24,26.73,3094.0,13.4,76.47,77.555,75.232,1945-10-24
Iraq,IRQ,middle_east_north_africa,asia,upper_middle_income,False,False,,2018,435050.0,34780000.0,0.47,26.71,28.41,,2545.0,26.5,68.02,72.532,67.92,1945-12-21
Ireland,IRL,europe_central_asia,europe,high_income,True,True,1973-01-01,2018,70280.0,4631000.0,14.92,27.65,26.62,3.7680000000000002,3600.0,3.0,81.49,83.73700000000001,79.885,1955-12-14
Israel,ISR,middle_east_north_africa,asia,high_income,False,True,,2018,22070.0,7819000.0,2.52,27.13,27.3,4.5889999999999995,3610.0,3.2,82.41,84.382,81.14,1949-05-11
Italy,ITA,europe_central_asia,europe,high_income,True,True,1952-07-23,2018,301340.0,61090000.0,9.72,26.48,24.79,3.778,3579.0,2.9,82.62,85.435,81.146,1955-12-14
Jamaica,JAM,america,americas,upper_middle_income,False,False,,2018,10990.0,2771000.0,5.17,24.0,27.23,7.02,2746.0,13.5,75.18,78.64399999999999,73.865,1962-09-18
Japan,JPN,east_asia_pacific,asia,high_income,False,True,,2018,377962.0,126300000.0,7.79,23.5,21.87,1.381,2726.0,2.0,84.17,87.244,80.803,1956-12-18
Jordan,JOR,middle_east_north_africa,asia,upper_middle_income,False,False,,2018,89320.0,6573000.0,0.65,27.47,29.22,27.84,3100.0,15.4,76.65,76.415,72.919,1955-12-14
Kazakhstan,KAZ,europe_central_asia,asia,upper_middle_income,False,False,,2018,2724902.0,16550000.0,11.1,26.29,26.65,,3264.0,12.6,71.96,74.97800000000001,65.372,1992-03-02
Kenya,KEN,sub_saharan_africa,africa,low_income,False,False,,2018,580370.0,43920000.0,3.88,21.59,23.06,18.79,2206.0,35.5,67.35,69.854,65.172,1963-12-16
Kiribati,KIR,east_asia_pacific,asia,lower_middle_income,False,False,,2018,810.0,104300.0,2.7,29.24,31.31,3.6719999999999997,3040.0,43.6,62.23,70.028,63.376000000000005,1999-09-14
Kuwait,KWT,middle_east_north_africa,asia,high_income,False,False,,2018,17820.0,2959000.0,0.1,29.17,31.16,0.693,3501.0,7.3,79.96,76.283,73.999,1963-05-14
Kyrgyzstan,KGZ,europe_central_asia,asia,low_income,False,False,,2018,199949.0,5503000.0,4.72,24.75,25.68,10.7,2817.0,19.0,71.45,75.25399999999999,67.209,1992-03-02
Laos,LAO,east_asia_pacific,asia,lower_middle_income,False,False,,2018,236800.0,6459000.0,6.99,21.08,22.03,,2451.0,50.7,67.93,68.92699999999999,65.753,1955-12-14
Latvia,LVA,europe_central_asia,europe,high_income,True,True,2004-05-01,2018,64490.0,2226000.0,13.45,26.46,25.62,8.275,3174.0,6.9,75.13,79.498,69.882,1991-09-17
Lebanon,LBN,middle_east_north_africa,asia,upper_middle_income,False,False,,2018,10450.0,4324000.0,2.3,27.2,27.7,,3066.0,7.1,80.45,81.736,78.35600000000001,1945-10-24
Lesotho,LSO,sub_saharan_africa,africa,lower_middle_income,False,False,,2018,30360.0,2240000.0,5.56,21.9,26.78,6.09,2529.0,69.2,51.12,56.994,52.644,1966-10-17
Liberia,LBR,sub_saharan_africa,africa,low_income,False,False,,2018,111370.0,4349000.0,5.07,21.9,23.22,,2204.0,52.8,65.43,64.529,62.465,1945-11-02
Libya,LBY,middle_east_north_africa,africa,upper_middle_income,False,False,,2018,1759540.0,6506000.0,0.1,26.54,29.2,,,11.4,75.47,75.305,69.492,1955-12-14
Liechtenstein,LIE,europe_central_asia,europe,high_income,False,False,,2017,160.0,36870.0,,,,,,1.76,,,,1990-09-18
Lithuania,LTU,europe_central_asia,europe,high_income,True,True,2004-05-01,2018,65286.0,3278000.0,16.3,26.86,26.01,8.09,3417.0,3.3,75.31,80.06,69.554,1991-09-17
Luxembourg,LUX,europe_central_asia,europe,high_income,True,True,1952-07-23,2018,2590.0,530000.0,12.84,27.43,26.09,5.971,3539.0,1.5,82.39,84.227,79.98100000000001,1945-10-24
North Macedonia,MKD,europe_central_asia,europe,upper_middle_income,False,False,,2018,25710.0,2069000.0,8.94,26.34,25.38,2.6919999999999997,2949.0,4.8,75.17,78.058,73.993,1993-04-08
Madagascar,MDG,sub_saharan_africa,africa,low_income,False,False,,2018,587295.0,22560000.0,1.32,21.4,20.74,,2052.0,35.9,63.4,68.304,65.078,1960-09-20
Malawi,MWI,sub_saharan_africa,africa,low_income,False,False,,2018,118480.0,16410000.0,1.44,22.03,22.91,11.88,2367.0,43.4,61.03,66.574,61.413999999999994,1964-12-01
Malaysia,MYS,east_asia_pacific,asia,upper_middle_income,False,False,,2018,330800.0,29790000.0,0.87,24.73,25.45,6.127999999999999,2916.0,6.0,75.91,78.00399999999999,73.457,1957-09-17
Maldives,MDV,south_asia,asia,upper_middle_income,False,False,,2018,300.0,328600.0,,23.22,26.41,29.27,2732.0,7.4,80.08,79.10600000000001,77.01100000000001,1965-09-21
Mali,MLI,sub_saharan_africa,africa,low_income,False,False,,2018,1240190.0,16810000.0,0.99,21.79,23.08,,2890.0,74.5,62.91,59.696000000000005,58.17,1960-09-28
Malta,MLT,europe_central_asia,europe,high_income,True,False,2004-05-01,2018,320.0,420600.0,4.1,27.68,27.05,2.228,3378.0,5.1,81.75,82.72399999999999,79.57,1964-12-01
Marshall Islands,MHL,east_asia_pacific,asia,upper_middle_income,False,False,,2017,180.0,56690.0,,29.37,31.39,1.8,,29.6,65.0,,,1991-09-17
Mauritania,MRT,sub_saharan_africa,africa,lower_middle_income,False,False,,2018,1030700.0,3704000.0,0.11,22.62,26.26,,2876.0,65.1,70.57,65.087,61.979,1961-10-27
Mauritius,MUS,sub_saharan_africa,africa,upper_middle_income,False,False,,2018,2040.0,1321000.0,3.53,25.16,26.1,2.988,3065.0,11.8,74.89,78.557,71.57600000000001,1968-04-24
Mexico,MEX,america,americas,upper_middle_income,False,True,,2018,1964380.0,117500000.0,8.55,27.42,28.74,9.468,3072.0,11.3,76.78,79.88,75.12,1945-11-07
Federated States of Micronesia,FSM,east_asia_pacific,asia,lower_middle_income,False,False,,2018,700.0,112700.0,5.25,28.1,31.28,14.76,,28.6,65.8,70.655,68.21300000000001,1991-09-17
Moldova,MDA,europe_central_asia,europe,lower_middle_income,False,False,,2018,33850.0,3496000.0,23.01,24.24,27.06,5.529,2714.0,13.6,72.41,76.09,67.544,1992-03-02
Monaco,MCO,europe_central_asia,europe,high_income,False,False,,2017,2.0,35460.0,,,,,,2.8,,,,1993-05-28
Mongolia,MNG,east_asia_pacific,asia,lower_middle_income,False,False,,2018,1564120.0,2888000.0,3.41,24.88,25.71,13.82,2510.0,19.0,68.69,73.906,65.598,1961-10-27
Montenegro,MNE,europe_central_asia,europe,upper_middle_income,False,False,,2018,13810.0,633200.0,,26.55,25.7,15.38,3491.0,4.3,77.35,79.76,75.051,2006-06-28
Morocco,MAR,middle_east_north_africa,africa,lower_middle_income,False,False,,2018,446550.0,32930000.0,1.24,25.63,26.22,15.25,3403.0,23.7,75.46,77.471,75.072,1956-11-12
Mozambique,MOZ,sub_saharan_africa,africa,low_income,False,False,,2018,799380.0,25030000.0,2.27,21.94,23.32,13.72,2283.0,56.7,61.07,61.483999999999995,57.177,1975-09-16
Myanmar,MMR,east_asia_pacific,asia,low_income,False,False,,2018,676590.0,49120000.0,0.58,21.45,22.48,12.0,2571.0,39.5,70.31,69.227,64.471,1948-04-19
Namibia,NAM,sub_saharan_africa,africa,upper_middle_income,False,False,,2018,824290.0,2404000.0,12.09,22.65,25.15,,2171.0,32.8,65.69,68.086,62.196000000000005,1990-04-23
Nauru,NRU,east_asia_pacific,asia,,False,False,,2015,20.0,10440.0,4.81,33.9,35.02,,,29.1,,,,1999-09-14
Nepal,NPL,south_asia,asia,low_income,False,False,,2018,147180.0,31540000.0,2.42,20.76,20.73,,2673.0,29.4,71.51,72.601,69.289,1955-12-14
Netherlands,NLD,europe_central_asia,europe,high_income,True,True,1952-07-23,2018,41540.0,16760000.0,9.75,26.02,25.47,2.237,3228.0,3.2,81.92,83.84100000000001,80.44,1945-12-10
New Zealand,NZL,east_asia_pacific,asia,high_income,False,True,,2018,267710.0,4508000.0,9.99,27.77,27.37,7.6,3137.0,4.7,81.77,83.79799999999999,80.554,1945-10-24
Nicaragua,NIC,america,americas,lower_middle_income,False,False,,2018,130370.0,6042000.0,5.21,25.77,27.57,7.787999999999999,2638.0,18.8,78.72,78.859,72.859,1945-10-24
Niger,NER,sub_saharan_africa,africa,low_income,False,False,,2018,1267000.0,17240000.0,0.34,21.22,21.96,30.82,2547.0,57.1,62.45,61.871,59.772,1960-09-20
Nigeria,NGA,sub_saharan_africa,africa,lower_middle_income,False,False,,2018,923770.0,170900000.0,12.72,23.03,23.67,,2700.0,69.4,66.14,55.158,53.512,1960-10-07
North Korea,PRK,east_asia_pacific,asia,low_income,False,False,,2018,120540.0,24650000.0,18.28,22.02,21.25,,2094.0,19.7,71.13,75.512,68.45,1991-09-17
Norway,NOR,europe_central_asia,europe,high_income,False,True,,2018,385178.0,4992000.0,8.35,26.93,25.74,3.125,3485.0,2.0,82.39,84.336,80.652,1945-11-27
Oman,OMN,middle_east_north_africa,asia,high_income,False,False,,2018,309500.0,2957000.0,0.92,26.24,26.67,,3143.0,9.9,78.06,79.919,75.791,1971-10-07
Pakistan,PAK,south_asia,asia,lower_middle_income,False,False,,2018,796100.0,183200000.0,0.05,22.3,23.45,,2440.0,65.8,67.96,67.869,65.75,1947-09-30
Palau,PLW,east_asia_pacific,asia,upper_middle_income,False,False,,2017,460.0,20920.0,9.86,30.38,31.85,10.73,,14.2,,,,1994-12-15
Panama,PAN,america,americas,upper_middle_income,False,False,,2018,75420.0,3678000.0,7.3,26.27,27.68,7.986000000000001,2733.0,14.6,79.4,81.407,75.51,1945-11-13
Papua New Guinea,PNG,east_asia_pacific,asia,lower_middle_income,False,False,,2018,462840.0,7327000.0,3.64,25.02,25.77,11.26,,44.5,61.14,68.432,63.423,1975-10-10
Paraguay,PRY,america,americas,lower_middle_income,False,False,,2018,406752.0,6798000.0,7.91,25.54,25.91,3.247,2589.0,17.5,74.78,75.596,71.16199999999999,1945-10-24
Peru,PER,america,americas,upper_middle_income,False,False,,2018,1285220.0,30080000.0,6.53,24.77,25.99,4.446000000000001,2700.0,13.1,80.21,78.122,72.837,1945-10-31
Philippines,PHL,east_asia_pacific,asia,lower_middle_income,False,False,,2018,300000.0,98110000.0,6.08,22.87,23.47,2.5069999999999997,2570.0,22.2,70.55,72.973,66.068,1945-10-24
Poland,POL,europe_central_asia,europe,high_income,True,True,2004-05-01,2018,312680.0,38330000.0,14.43,26.67,25.92,7.675,3451.0,4.5,78.19,81.732,74.043,1945-10-24
Portugal,PRT,europe_central_asia,europe,high_income,True,True,1986-01-01,2018,92225.0,10700000.0,13.89,26.68,26.18,5.078,3477.0,3.0,81.3,84.37200000000001,78.685,1955-12-14
Qatar,QAT,middle_east_north_africa,asia,high_income,False,False,,2018,11610.0,1977000.0,1.29,28.13,28.91,16.35,,6.8,80.71,80.181,77.725,1971-09-21
Romania,ROU,europe_central_asia,europe,upper_middle_income,True,False,2007-01-01,2018,238390.0,21340000.0,16.15,25.41,25.22,8.808,3358.0,9.7,75.53,79.158,72.265,1955-12-14
Russia,RUS,europe_central_asia,europe,high_income,False,False,,2018,17098250.0,142600000.0,16.23,26.01,27.21,14.38,3361.0,8.2,71.07,76.882,65.771,1945-10-24
Rwanda,RWA,sub_saharan_africa,africa,low_income,False,False,,2018,26340.0,11610000.0,9.99,22.55,22.07,6.416,2228.0,31.1,68.33,69.946,65.626,1962-09-18
Samoa,WSM,east_asia_pacific,asia,lower_middle_income,False,False,,2018,2840.0,185700.0,4.51,30.42,33.66,,2960.0,15.0,72.38,78.683,72.483,1976-12-15
San Marino,SMR,europe_central_asia,europe,high_income,False,False,,2017,60.0,32160.0,,,,5.946000000000001,,2.6,,,,1992-03-02
Sao Tome and Principe,STP,sub_saharan_africa,africa,lower_middle_income,False,False,,2018,960.0,175400.0,8.45,23.51,24.88,,2400.0,34.6,70.86,69.06,64.697,1975-09-16
Saudi Arabia,SAU,middle_east_north_africa,asia,high_income,False,False,,2018,2149690.0,29320000.0,0.34,27.88,29.6,,3255.0,12.5,77.64,76.676,73.577,1945-10-24
Senegal,SEN,sub_saharan_africa,africa,lower_middle_income,False,False,,2018,196710.0,13450000.0,0.51,21.93,24.31,24.75,2456.0,41.7,66.85,69.725,65.694,1960-09-28
Serbia,SRB,europe_central_asia,europe,upper_middle_income,False,False,,2018,88360.0,9835000.0,12.21,26.51,25.67,5.985,2728.0,5.9,76.17,78.3,72.65100000000001,2000-11-01
Seychelles,SYC,sub_saharan_africa,africa,upper_middle_income,False,False,,2018,460.0,87420.0,12.11,25.56,27.97,11.7,,11.7,74.23,78.73,69.693,1976-09-21
Sierra Leone,SLE,sub_saharan_africa,africa,low_income,False,False,,2018,72300.0,6255000.0,9.48,22.53,23.93,21.32,2404.0,87.1,60.0,53.216,51.952,1961-09-27
Singapore,SGP,east_asia_pacific,asia,high_income,False,False,,2018,719.0,5301000.0,1.54,23.84,22.87,0.7152,,2.1,84.03,85.337,81.362,1965-09-21
Slovakia,SVK,europe_central_asia,europe,high_income,True,True,2004-05-01,2018,49035.0,5489000.0,13.31,26.93,26.32,6.746,2944.0,5.8,77.16,80.51100000000001,73.589,1993-01-19
Slovenia,SVN,europe_central_asia,europe,high_income,True,True,2004-05-01,2018,20270.0,2045000.0,14.94,27.44,26.58,5.315,3168.0,2.1,81.12,84.01700000000001,78.499,1992-05-22
Solomon Islands,SLB,east_asia_pacific,asia,lower_middle_income,False,False,,2018,28900.0,580800.0,1.37,27.16,28.88,,2391.0,23.6,63.57,72.922,69.778,1978-09-19
Somalia,SOM,sub_saharan_africa,africa,low_income,False,False,,2018,637660.0,10050000.0,0.5,21.97,22.67,,,85.0,58.03,58.861000000000004,55.473,1960-09-20
South Africa,ZAF,sub_saharan_africa,africa,upper_middle_income,False,False,,2018,1219090.0,50980000.0,10.16,26.86,29.48,8.907,3022.0,33.6,63.5,67.447,60.381,1945-11-07
South Korea,KOR,east_asia_pacific,asia,high_income,False,True,,2018,100280.0,48770000.0,19.15,23.99,23.33,4.319,3334.0,2.9,81.35,85.46700000000001,79.456,1991-09-17
South Sudan,SSD,sub_saharan_africa,africa,low_income,False,False,,2018,644330.0,10880000.0,,,,,,60.3,60.72,58.835,56.702,2011-07-14
Spain,ESP,europe_central_asia,europe,high_income,True,True,1986-01-01,2018,505940.0,47040000.0,11.83,27.5,26.31,5.146,3174.0,3.5,83.23,86.119,80.694,1955-12-14
Sri Lanka,LKA,south_asia,asia,lower_middle_income,False,False,,2018,65610.0,21390000.0,0.81,21.97,23.12,,2539.0,8.4,77.82,78.991,72.32,1955-12-14
Saint Kitts and Nevis,KNA,america,americas,high_income,False,False,,2017,260.0,54340.0,10.62,28.23,30.51,,2492.0,8.4,,,,1983-09-23
Saint Lucia,LCA,america,americas,upper_middle_income,False,False,,2018,620.0,179500.0,12.05,24.65,27.22,15.9,2595.0,12.7,76.57,78.613,73.242,1979-09-18
Saint Vincent and the Grenadines,VCT,america,americas,upper_middle_income,False,False,,2018,390.0,109400.0,4.99,25.44,27.52,3.1239999999999997,2968.0,16.6,72.03,75.686,71.25399999999999,1980-09-16
Sudan,SDN,sub_saharan_africa,africa,lower_middle_income,False,False,,2018,1879357.5,35940000.0,2.56,22.4,23.16,11.79,2336.0,47.6,68.77,66.553,63.275,1956-11-12
Suriname,SUR,america,americas,upper_middle_income,False,False,,2018,163820.0,538900.0,6.56,25.5,27.75,8.573,2753.0,19.0,71.62,74.992,68.45,1975-12-04
Swaziland,SWZ,sub_saharan_africa,africa,lower_middle_income,False,False,,2018,17360.0,1237000.0,5.05,23.17,28.45,20.15,2329.0,44.5,58.64,61.681999999999995,55.42100000000001,1968-09-24
Sweden,SWE,europe_central_asia,europe,high_income,True,True,1995-01-01,2018,447420.0,9546000.0,9.5,26.38,25.15,2.737,3179.0,2.4,82.37,84.443,81.126,1946-11-19
Switzerland,CHE,europe_central_asia,europe,high_income,False,True,,2018,41290.0,7762000.0,11.41,26.2,24.07,2.342,3391.0,3.4,83.45,85.475,81.705,2002-09-10
Syria,SYR,middle_east_north_africa,asia,lower_middle_income,False,False,,2018,185180.0,21470000.0,1.49,26.92,28.87,,,11.1,69.82,77.763,66.578,1945-10-24
Tajikistan,TJK,europe_central_asia,asia,low_income,False,False,,2018,141376.0,7184000.0,3.39,23.78,23.85,9.448,2201.0,38.5,72.19,74.531,68.557,1992-03-02
Tanzania,TZA,sub_saharan_africa,africa,low_income,False,False,,2018,947300.0,49150000.0,7.86,22.48,23.08,16.55,2208.0,35.2,65.46,68.527,65.12899999999999,1961-12-14
Thailand,THA,east_asia_pacific,asia,upper_middle_income,False,False,,2018,513120.0,70240000.0,7.08,23.01,24.39,2.101,2784.0,10.5,78.15,79.459,72.016,1946-12-16
Timor-Leste,TLS,east_asia_pacific,asia,lower_middle_income,False,False,,2018,14870.0,1224000.0,0.74,20.59,21.51,,2131.0,44.7,73.34,71.421,67.71,2002-09-27
Togo,TGO,sub_saharan_africa,africa,low_income,False,False,,2018,56790.0,6413000.0,1.92,21.88,22.74,,2454.0,52.3,63.09,61.571000000000005,59.839,1960-09-20
Tonga,TON,east_asia_pacific,asia,upper_middle_income,False,False,,2018,750.0,105300.0,3.92,31.0,34.26,3.85,,14.4,70.7,76.378,70.291,1999-09-14
Trinidad and Tobago,TTO,america,americas,high_income,False,False,,2018,5130.0,1355000.0,6.16,26.4,28.28,9.447000000000001,3052.0,18.2,73.37,74.574,67.447,1962-09-18
Tunisia,TUN,middle_east_north_africa,africa,upper_middle_income,False,False,,2018,163610.0,10810000.0,1.05,25.16,27.94,19.29,3349.0,12.1,77.96,78.207,74.119,1956-11-12
Turkey,TUR,europe_central_asia,europe,upper_middle_income,False,True,,2018,785350.0,75360000.0,3.02,26.7,28.25,7.189,3706.0,11.6,79.61,79.453,73.02,1945-10-24
Turkmenistan,TKM,europe_central_asia,asia,upper_middle_income,False,False,,2018,488100.0,5235000.0,5.0,25.25,24.66,,2840.0,43.7,70.48,71.584,64.60300000000001,1992-03-02
Tuvalu,TUV,east_asia_pacific,asia,upper_middle_income,False,False,,2017,30.0,9888.0,2.14,,,,,22.8,,,,2000-09-05
Uganda,UGA,sub_saharan_africa,africa,low_income,False,False,,2018,241550.0,36760000.0,16.4,22.36,22.48,13.69,2130.0,37.7,62.86,62.667,58.251999999999995,1962-10-25
Ukraine,UKR,europe_central_asia,europe,lower_middle_income,False,False,,2018,603550.0,44700000.0,17.47,25.42,26.23,8.771,3138.0,7.7,72.29,77.067,67.24600000000001,1945-10-24
United Arab Emirates,ARE,middle_east_north_africa,asia,high_income,False,False,,2018,83600.0,8208000.0,0.52,28.05,29.61,31.85,3280.0,5.9,76.89,79.081,76.87,1971-12-09
United Kingdom,GBR,europe_central_asia,europe,high_income,True,True,1973-01-01,2018,243610.0,63180000.0,13.24,27.39,26.94,3.377,3424.0,3.5,81.19,83.55799999999999,80.127,1945-10-24
United States,USA,america,americas,high_income,False,True,,2018,9831510.0,318500000.0,9.7,28.46,28.34,9.523,3682.0,5.6,79.14,81.94200000000001,77.429,1945-10-24
Uruguay,URY,america,americas,high_income,False,False,,2018,176220.0,3403000.0,8.99,26.39,26.59,2.5660000000000003,3050.0,8.7,77.57,81.126,74.217,1945-12-18
Uzbekistan,UZB,europe_central_asia,asia,lower_middle_income,False,False,,2018,447400.0,28400000.0,3.61,25.32,25.43,6.417999999999999,2760.0,33.9,70.5,74.362,68.721,1992-03-02
Vanuatu,VUT,east_asia_pacific,asia,lower_middle_income,False,False,,2018,12190.0,257800.0,0.96,26.79,28.46,,2836.0,23.1,64.3,74.869,70.393,1981-09-15
Venezuela,VEN,america,americas,upper_middle_income,False,False,,2018,912050.0,30340000.0,7.6,27.45,28.13,7.332000000000001,2631.0,12.9,75.91,79.079,70.95,1945-11-15
Vietnam,VNM,east_asia_pacific,asia,lower_middle_income,False,False,,2018,330967.0,90660000.0,3.91,20.92,21.07,,2745.0,17.3,74.88,81.203,72.003,1977-09-20
Yemen,YEM,middle_east_north_africa,asia,lower_middle_income,False,False,,2018,527970.0,26360000.0,0.2,24.44,26.11,,2223.0,33.8,67.14,66.87100000000001,63.875,1947-09-30
Zambia,ZMB,sub_saharan_africa,africa,lower_middle_income,False,False,,2018,752610.0,14310000.0,3.56,20.68,23.05,11.26,1930.0,43.3,59.45,65.362,59.845,1964-12-01
Zimbabwe,ZWE,sub_saharan_africa,africa,low_income,False,False,,2018,390760.0,13330000.0,4.96,22.03,24.65,20.85,2110.0,46.6,60.18,63.943999999999996,60.12,1980-08-25
